<?xml version="1.0" encoding="UTF-8"?>
<project-private xmlns="http://www.netbeans.org/ns/project-private/1">
    <data xmlns="http://www.netbeans.org/ns/make-project-private/1">
        <activeConfTypeElem>1</activeConfTypeElem>
        <activeConfIndexElem>0</activeConfIndexElem>
    </data>
    <open-files xmlns="http://www.netbeans.org/ns/projectui-open-files/2">
        <group>
            <file>file:/Users/epriester01/Desktop/PriesterErica_CSC5_43952/Homework/Assignment_3/Gaddis_7thed_Ch4_ProgChall_Prob5/main.cpp</file>
        </group>
    </open-files>
</project-private>
